pipeline_last_run,report_type,source_name,source_url,source_role,refresh_status,rows_loaded,error_message,raw_rows,standardized_rows,public_rows,output_path
2026-07-06T07:22:11+00:00,source,data.gov.il CKAN search: התחדשות עירונית,https://data.gov.il/api/3/action/package_search,source_discovery,discovered,3,,,,,
2026-07-06T07:22:11+00:00,source,data.gov.il CKAN search: פינוי בינוי,https://data.gov.il/api/3/action/package_search,source_discovery,discovered,1,,,,,
2026-07-06T07:22:11+00:00,source,data.gov.il CKAN search: פינוי-בינוי,https://data.gov.il/api/3/action/package_search,source_discovery,discovered,7,,,,,
2026-07-06T07:22:11+00:00,source,"data.gov.il CKAN search: תמ""א 38",https://data.gov.il/api/3/action/package_search,source_discovery,discovered,0,,,,,
2026-07-06T07:22:11+00:00,source,data.gov.il CKAN search: תמא 38,https://data.gov.il/api/3/action/package_search,source_discovery,discovered,0,,,,,
2026-07-06T07:22:11+00:00,source,data.gov.il CKAN search: מתחמי התחדשות,https://data.gov.il/api/3/action/package_search,source_discovery,discovered,2,,,,,
2026-07-06T07:22:11+00:00,source,data.gov.il CKAN search: מתחמים מוכרזים,https://data.gov.il/api/3/action/package_search,source_discovery,discovered,1,,,,,
2026-07-06T07:22:11+00:00,source,data.gov.il CKAN search: רשות ממשלתית להתחדשות עירונית,https://data.gov.il/api/3/action/package_search,source_discovery,discovered,0,,,,,
2026-07-06T07:22:11+00:00,source,data.gov.il CKAN search: urban renewal,https://data.gov.il/api/3/action/package_search,source_discovery,discovered,2,,,,,
2026-07-06T07:22:11+00:00,source,data.gov.il CKAN search: gis_urban_renewal,https://data.gov.il/api/3/action/package_search,source_discovery,discovered,90,,,,,
2026-07-06T07:22:11+00:00,source,data.gov.il — מתחמי התחדשות עירונית,https://data.gov.il/he/datasets/ministry_of_housing/urban_renewal/f65a0daf-f737-49c5-9424-d378d52104f5,urban_renewal_records,succeeded,943,,,,,data/raw/data_gov_f65a0daf-f737-49c5-9424-d378d52104f5_records.csv
2026-07-06T07:22:11+00:00,source,data.gov.il — מתחמי התחדשות עירונית מוכרזים,https://data.gov.il/he/datasets/ministry_of_housing/gis_urban_renewal/ceb7bbb0-e2db-4e87-8a6c-0a250f5de001,urban_renewal_records,failed,0,HTTP 404 | The resource URL returned HTML rather than a dataset.,,,,
2026-07-06T07:22:11+00:00,source,שכבות מידע גיאוגרפי (GIS) - התחדשות ערונית,https://data.gov.il/dataset/1de95a22-576e-4e9c-b7c4-59db01d85290/resource/38555a84-8523-4ab1-9fe5-df6b523c15ea/download/masterplans.zip,urban_renewal_records,failed,0,HTTP 404 | The resource URL returned HTML rather than a dataset.,,,,
2026-07-06T07:22:11+00:00,source,data.gov.il CKAN search: רשימת יישובים,https://data.gov.il/api/3/action/package_search,normalization_reference,discovered,5,,,,,
2026-07-06T07:22:11+00:00,source,data.gov.il CKAN search: סמלי יישובים,https://data.gov.il/api/3/action/package_search,normalization_reference,discovered,0,,,,,
2026-07-06T07:22:11+00:00,source,data.gov.il CKAN search: יישובים בישראל,https://data.gov.il/api/3/action/package_search,normalization_reference,discovered,11,,,,,
2026-07-06T07:22:11+00:00,source,data.gov.il CKAN search: רשימת רחובות,https://data.gov.il/api/3/action/package_search,normalization_reference,discovered,8,,,,,
2026-07-06T07:22:11+00:00,source,data.gov.il CKAN search: רחובות בישראל,https://data.gov.il/api/3/action/package_search,normalization_reference,discovered,5,,,,,
2026-07-06T07:22:11+00:00,source,ספריית מילוני נתונים - טרמינולוגיית נתוני אדם,https://data.gov.il/dataset/d4a897f6-84bf-4560-9f28-7757bf8a0619/resource/788ba412-6f07-4b00-98b8-c00d66ee07a8/download/copy-of-person_master_codelists_final.csv,normalization_reference,succeeded,99,,,,,data/raw/data_gov_788ba412-6f07-4b00-98b8-c00d66ee07a8_records.csv
2026-07-06T07:22:11+00:00,source,ספריית מילוני נתונים - טרמינולוגיית נתוני אדם,https://data.gov.il/dataset/d4a897f6-84bf-4560-9f28-7757bf8a0619/resource/d247b217-cd56-49e4-a975-5b8badbf6651/download/copy-of-person_codelist_-.csv,normalization_reference,succeeded,6,,,,,data/raw/data_gov_d247b217-cd56-49e4-a975-5b8badbf6651_records.csv
2026-07-06T07:22:11+00:00,source,ספריית מילוני נתונים - טרמינולוגיית נתוני אדם,https://data.gov.il/dataset/d4a897f6-84bf-4560-9f28-7757bf8a0619/resource/5ad06609-3712-4ad3-8d33-419281e30796/download/copy-of-person_codelist_.csv,normalization_reference,succeeded,267,,,,,data/raw/data_gov_5ad06609-3712-4ad3-8d33-419281e30796_records.csv
2026-07-06T07:22:11+00:00,source,ספריית מילוני נתונים - טרמינולוגיית נתוני אדם,https://data.gov.il/dataset/d4a897f6-84bf-4560-9f28-7757bf8a0619/resource/7125007d-a7aa-4634-b600-2df5c80a98af/download/copy-of-person_codelist_.csv,normalization_reference,succeeded,4,,,,,data/raw/data_gov_7125007d-a7aa-4634-b600-2df5c80a98af_records.csv
2026-07-06T07:22:11+00:00,source,XPLAN — קווי תכניות ציבוריים,https://ags.iplan.gov.il/services/?f=PlanningPublic&s=ttl_all_blue_lines%2FMapServer,planning_reference,failed_or_reference_only,0,"https://ags.iplan.gov.il/arcgis/rest/services/PlanningPublic/ttl_all_blue_lines/MapServer: SSLError: HTTPSConnectionPool(host='ags.iplan.gov.il', port=443): Max retries exceeded with url: /arcgis/rest/services/PlanningPublic/ttl_all_blue_lines/MapServer?f=pjson (Caused by SSLError(SSLError(1, '[SSL: SSLV3_ALERT_HANDSHAKE_FAILURE] sslv3 alert handshake failure (_ssl.c:1016)'))) | https://ags.iplan.gov.il/arcgis/rest/services/PlanningPublic/AllPlans/MapServer: SSLError: HTTPSConnectionPool(host='ags.iplan.gov.il', port=443): Max retries exceeded with url: /arcgis/rest/services/PlanningPublic/AllPlans/MapServer?f=pjson (Caused by SSLError(SSLError(1, '[SSL: SSLV3_ALERT_HANDSHAKE_FAILURE] sslv3 alert handshake failure (_ssl.c:1016)')))",,,,
2026-07-06T07:22:11+00:00,source,GovMap — שכבת התחדשות עירונית,https://www.govmap.gov.il/?lay=200720,map_reference,reference_only,0,,,,,
2026-07-06T07:22:11+00:00,source,"מבא""ת — מידע תכנוני",https://mavat.iplan.gov.il/,planning_reference,reference_only,0,,,,,
2026-07-06T07:22:11+00:00,pipeline_summary,update_public_data,,pipeline,succeeded,943,,943,943,943,data/processed/urban_renewal_public.csv
